area,date,num_trip
1,2019-09-01,326
1,2019-09-02,301
1,2019-09-03,433
1,2019-09-04,388
1,2019-09-05,431
1,2019-09-06,460
1,2019-09-07,398
1,2019-09-08,296
1,2019-09-09,364
1,2019-09-10,379
1,2019-09-11,367
1,2019-09-12,421
1,2019-09-13,530
1,2019-09-14,423
1,2019-09-15,411
1,2019-09-16,430
1,2019-09-17,416
1,2019-09-18,394
1,2019-09-19,442
1,2019-09-20,516
1,2019-09-21,463
1,2019-09-22,327
1,2019-09-23,442
1,2019-09-24,396
1,2019-09-25,411
1,2019-09-26,425
1,2019-09-27,497
1,2019-09-28,462
1,2019-09-29,367
1,2019-09-30,429
1,2019-10-01,434
1,2019-10-02,409
1,2019-10-03,422
1,2019-10-04,445
1,2019-10-05,431
1,2019-10-06,327
1,2019-10-07,361
1,2019-10-08,358
1,2019-10-09,387
1,2019-10-10,391
1,2019-10-11,433
1,2019-10-12,427
1,2019-10-13,417
1,2019-10-14,382
1,2019-10-15,352
1,2019-10-16,390
1,2019-10-17,368
1,2019-10-18,485
1,2019-10-19,401
1,2019-10-20,340
1,2019-10-21,381
1,2019-10-22,421
1,2019-10-23,373
1,2019-10-24,381
1,2019-10-25,431
1,2019-10-26,534
1,2019-10-27,379
1,2019-10-28,386
1,2019-10-29,375
1,2019-10-30,450
1,2019-10-31,479
1,2019-11-01,672
1,2019-11-02,522
1,2019-11-03,334
1,2019-11-04,380
1,2019-11-05,359
1,2019-11-06,381
1,2019-11-07,428
1,2019-11-08,430
1,2019-11-09,462
1,2019-11-10,311
1,2019-11-11,403
1,2019-11-12,484
1,2019-11-13,443
1,2019-11-14,449
1,2019-11-15,492
1,2019-11-16,450
1,2019-11-17,362
1,2019-11-18,441
1,2019-11-19,444
1,2019-11-20,377
1,2019-11-21,451
1,2019-11-22,545
1,2019-11-23,382
1,2019-11-24,321
1,2019-11-25,369
1,2019-11-26,445
1,2019-11-27,462
1,2019-11-28,358
1,2019-11-29,346
1,2019-11-30,411
1,2019-12-01,321
1,2019-12-02,384
1,2019-12-03,494
1,2019-12-04,477
1,2019-12-05,425
1,2019-12-06,495
1,2019-12-07,444
1,2019-12-08,312
1,2019-12-09,381
1,2019-12-10,408
1,2019-12-11,457
1,2019-12-12,540
1,2019-12-13,547
1,2019-12-14,544
1,2019-12-15,403
1,2019-12-16,418
1,2019-12-17,454
1,2019-12-18,463
1,2019-12-19,410
1,2019-12-20,458
1,2019-12-21,447
1,2019-12-22,352
1,2019-12-23,412
1,2019-12-24,377
1,2019-12-25,177
1,2019-12-26,231
1,2019-12-27,316
1,2019-12-28,345
1,2019-12-29,277
1,2019-12-30,329
1,2019-12-31,488
2,2019-09-01,2163
2,2019-09-02,1461
2,2019-09-03,1529
2,2019-09-04,1044
2,2019-09-05,1029
2,2019-09-06,1097
2,2019-09-07,1428
2,2019-09-08,1250
2,2019-09-09,984
2,2019-09-10,906
2,2019-09-11,974
2,2019-09-12,1113
2,2019-09-13,2362
2,2019-09-14,2385
2,2019-09-15,1872
2,2019-09-16,1699
2,2019-09-17,1923
2,2019-09-18,1998
2,2019-09-19,2311
2,2019-09-20,2589
2,2019-09-21,2721
2,2019-09-22,1844
2,2019-09-23,1050
2,2019-09-24,967
2,2019-09-25,940
2,2019-09-26,1189
2,2019-09-27,1174
2,2019-09-28,1249
2,2019-09-29,1381
2,2019-09-30,1060
2,2019-10-01,921
2,2019-10-02,991
2,2019-10-03,1060
2,2019-10-04,1160
2,2019-10-05,1279
2,2019-10-06,1173
2,2019-10-07,995
2,2019-10-08,968
2,2019-10-09,931
2,2019-10-10,1005
2,2019-10-11,1225
2,2019-10-12,1264
2,2019-10-13,1306
2,2019-10-14,947
2,2019-10-15,886
2,2019-10-16,974
2,2019-10-17,1001
2,2019-10-18,1163
2,2019-10-19,1331
2,2019-10-20,1304
2,2019-10-21,1055
2,2019-10-22,958
2,2019-10-23,966
2,2019-10-24,1026
2,2019-10-25,1057
2,2019-10-26,1352
2,2019-10-27,1549
2,2019-10-28,992
2,2019-10-29,940
2,2019-10-30,1036
2,2019-10-31,1075
2,2019-11-01,1565
2,2019-11-02,1450
2,2019-11-03,1312
2,2019-11-04,945
2,2019-11-05,869
2,2019-11-06,875
2,2019-11-07,1057
2,2019-11-08,1147
2,2019-11-09,1363
2,2019-11-10,1239
2,2019-11-11,947
2,2019-11-12,962
2,2019-11-13,958
2,2019-11-14,1005
2,2019-11-15,1203
2,2019-11-16,1338
2,2019-11-17,1187
2,2019-11-18,1014
2,2019-11-19,839
2,2019-11-20,896
2,2019-11-21,1037
2,2019-11-22,1211
2,2019-11-23,1382
2,2019-11-24,1236
2,2019-11-25,901
2,2019-11-26,1038
2,2019-11-27,978
2,2019-11-28,1139
2,2019-11-29,679
2,2019-11-30,1042
2,2019-12-01,1009
2,2019-12-02,1047
2,2019-12-03,963
2,2019-12-04,1033
2,2019-12-05,1129
2,2019-12-06,1396
2,2019-12-07,1609
2,2019-12-08,1405
2,2019-12-09,1043
2,2019-12-10,966
2,2019-12-11,1078
2,2019-12-12,1109
2,2019-12-13,1405
2,2019-12-14,2002
2,2019-12-15,1444
2,2019-12-16,1104
2,2019-12-17,990
2,2019-12-18,975
2,2019-12-19,1224
2,2019-12-20,1467
2,2019-12-21,1549
2,2019-12-22,1521
2,2019-12-23,1019
2,2019-12-24,837
2,2019-12-25,388
2,2019-12-26,639
2,2019-12-27,936
2,2019-12-28,1050
2,2019-12-29,1150
2,2019-12-30,1044
2,2019-12-31,1079
3,2019-09-01,779
3,2019-09-02,507
3,2019-09-03,663
3,2019-09-04,719
3,2019-09-05,939
3,2019-09-06,968
3,2019-09-07,1039
3,2019-09-08,754
3,2019-09-09,676
3,2019-09-10,754
3,2019-09-11,775
3,2019-09-12,1185
3,2019-09-13,1094
3,2019-09-14,1184
3,2019-09-15,847
3,2019-09-16,713
3,2019-09-17,808
3,2019-09-18,843
3,2019-09-19,982
3,2019-09-20,1121
3,2019-09-21,1171
3,2019-09-22,832
3,2019-09-23,748
3,2019-09-24,791
3,2019-09-25,837
3,2019-09-26,944
3,2019-09-27,965
3,2019-09-28,996
3,2019-09-29,787
3,2019-09-30,728
3,2019-10-01,755
3,2019-10-02,774
3,2019-10-03,914
3,2019-10-04,981
3,2019-10-05,1131
3,2019-10-06,743
3,2019-10-07,691
3,2019-10-08,709
3,2019-10-09,671
3,2019-10-10,860
3,2019-10-11,1034
3,2019-10-12,974
3,2019-10-13,933
3,2019-10-14,724
3,2019-10-15,770
3,2019-10-16,806
3,2019-10-17,887
3,2019-10-18,935
3,2019-10-19,1117
3,2019-10-20,904
3,2019-10-21,691
3,2019-10-22,792
3,2019-10-23,733
3,2019-10-24,926
3,2019-10-25,900
3,2019-10-26,914
3,2019-10-27,816
3,2019-10-28,692
3,2019-10-29,705
3,2019-10-30,747
3,2019-10-31,771
3,2019-11-01,1063
3,2019-11-02,993
3,2019-11-03,832
3,2019-11-04,653
3,2019-11-05,646
3,2019-11-06,742
3,2019-11-07,843
3,2019-11-08,890
3,2019-11-09,970
3,2019-11-10,764
3,2019-11-11,588
3,2019-11-12,752
3,2019-11-13,797
3,2019-11-14,858
3,2019-11-15,907
3,2019-11-16,918
3,2019-11-17,717
3,2019-11-18,659
3,2019-11-19,714
3,2019-11-20,753
3,2019-11-21,940
3,2019-11-22,973
3,2019-11-23,1074
3,2019-11-24,770
3,2019-11-25,635
3,2019-11-26,750
3,2019-11-27,686
3,2019-11-28,623
3,2019-11-29,700
3,2019-11-30,663
3,2019-12-01,570
3,2019-12-02,696
3,2019-12-03,839
3,2019-12-04,843
3,2019-12-05,1059
3,2019-12-06,1280
3,2019-12-07,1414
3,2019-12-08,874
3,2019-12-09,665
3,2019-12-10,810
3,2019-12-11,779
3,2019-12-12,1073
3,2019-12-13,1336
3,2019-12-14,1457
3,2019-12-15,859
3,2019-12-16,823
3,2019-12-17,808
3,2019-12-18,910
3,2019-12-19,1023
3,2019-12-20,1230
3,2019-12-21,1299
3,2019-12-22,1034
3,2019-12-23,884
3,2019-12-24,522
3,2019-12-25,216
3,2019-12-26,615
3,2019-12-27,733
3,2019-12-28,815
3,2019-12-29,684
3,2019-12-30,578
3,2019-12-31,787
4,2019-09-01,10995
4,2019-09-02,6552
4,2019-09-03,9886
4,2019-09-04,11576
4,2019-09-05,13568
4,2019-09-06,14042
4,2019-09-07,11240
4,2019-09-08,8582
4,2019-09-09,10795
4,2019-09-10,13686
4,2019-09-11,15558
4,2019-09-12,16099
4,2019-09-13,16561
4,2019-09-14,13271
4,2019-09-15,10195
4,2019-09-16,11667
4,2019-09-17,13395
4,2019-09-18,13769
4,2019-09-19,15866
4,2019-09-20,16609
4,2019-09-21,14630
4,2019-09-22,12054
4,2019-09-23,11949
4,2019-09-24,14240
4,2019-09-25,14721
4,2019-09-26,15555
4,2019-09-27,17513
4,2019-09-28,11726
4,2019-09-29,9882
4,2019-09-30,9865
4,2019-10-01,11425
4,2019-10-02,14410
4,2019-10-03,14785
4,2019-10-04,15160
4,2019-10-05,13474
4,2019-10-06,9416
4,2019-10-07,10251
4,2019-10-08,11526
4,2019-10-09,11832
4,2019-10-10,14919
4,2019-10-11,17261
4,2019-10-12,13045
4,2019-10-13,10937
4,2019-10-14,11694
4,2019-10-15,13898
4,2019-10-16,15200
4,2019-10-17,15415
4,2019-10-18,15457
4,2019-10-19,13497
4,2019-10-20,10648
4,2019-10-21,11274
4,2019-10-22,13480
4,2019-10-23,13696
4,2019-10-24,14524
4,2019-10-25,15254
4,2019-10-26,15091
4,2019-10-27,11193
4,2019-10-28,11394
4,2019-10-29,13911
4,2019-10-30,14292
4,2019-10-31,13783
4,2019-11-01,15309
4,2019-11-02,12926
4,2019-11-03,9748
4,2019-11-04,10319
4,2019-11-05,12608
4,2019-11-06,13413
4,2019-11-07,15443
4,2019-11-08,14807
4,2019-11-09,12339
4,2019-11-10,9683
4,2019-11-11,10866
4,2019-11-12,14437
4,2019-11-13,14951
4,2019-11-14,15197
4,2019-11-15,15326
4,2019-11-16,12346
4,2019-11-17,8982
4,2019-11-18,11139
4,2019-11-19,13426
4,2019-11-20,13181
4,2019-11-21,14873
4,2019-11-22,16216
4,2019-11-23,12087
4,2019-11-24,9425
4,2019-11-25,9791
4,2019-11-26,11908
4,2019-11-27,10464
4,2019-11-28,5708
4,2019-11-29,8250
4,2019-11-30,11253
4,2019-12-01,9655
4,2019-12-02,13309
4,2019-12-03,15479
4,2019-12-04,16473
4,2019-12-05,18025
4,2019-12-06,19589
4,2019-12-07,15889
4,2019-12-08,10352
4,2019-12-09,11225
4,2019-12-10,14329
4,2019-12-11,14902
4,2019-12-12,16794
4,2019-12-13,17918
4,2019-12-14,15438
4,2019-12-15,10424
4,2019-12-16,11460
4,2019-12-17,13993
4,2019-12-18,15339
4,2019-12-19,16228
4,2019-12-20,16613
4,2019-12-21,12600
4,2019-12-22,10233
4,2019-12-23,10535
4,2019-12-24,6613
4,2019-12-25,2448
4,2019-12-26,6369
4,2019-12-27,9243
4,2019-12-28,9403
4,2019-12-29,7724
4,2019-12-30,8971
4,2019-12-31,9658
5,2019-09-01,409
5,2019-09-02,229
5,2019-09-03,286
5,2019-09-04,285
5,2019-09-05,383
5,2019-09-06,434
5,2019-09-07,525
5,2019-09-08,465
5,2019-09-09,277
5,2019-09-10,311
5,2019-09-11,322
5,2019-09-12,382
5,2019-09-13,511
5,2019-09-14,543
5,2019-09-15,525
5,2019-09-16,338
5,2019-09-17,323
5,2019-09-18,373
5,2019-09-19,410
5,2019-09-20,535
5,2019-09-21,566
5,2019-09-22,469
5,2019-09-23,316
5,2019-09-24,324
5,2019-09-25,394
5,2019-09-26,400
5,2019-09-27,492
5,2019-09-28,401
5,2019-09-29,446
5,2019-09-30,284
5,2019-10-01,314
5,2019-10-02,323
5,2019-10-03,348
5,2019-10-04,469
5,2019-10-05,496
5,2019-10-06,420
5,2019-10-07,267
5,2019-10-08,284
5,2019-10-09,321
5,2019-10-10,414
5,2019-10-11,488
5,2019-10-12,480
5,2019-10-13,481
5,2019-10-14,288
5,2019-10-15,322
5,2019-10-16,332
5,2019-10-17,427
5,2019-10-18,460
5,2019-10-19,569
5,2019-10-20,503
5,2019-10-21,288
5,2019-10-22,284
5,2019-10-23,383
5,2019-10-24,354
5,2019-10-25,446
5,2019-10-26,454
5,2019-10-27,437
5,2019-10-28,283
5,2019-10-29,340
5,2019-10-30,267
5,2019-10-31,319
5,2019-11-01,546
5,2019-11-02,449
5,2019-11-03,441
5,2019-11-04,261
5,2019-11-05,308
5,2019-11-06,344
5,2019-11-07,398
5,2019-11-08,418
5,2019-11-09,515
5,2019-11-10,462
5,2019-11-11,264
5,2019-11-12,407
5,2019-11-13,315
5,2019-11-14,449
5,2019-11-15,464
5,2019-11-16,435
5,2019-11-17,390
5,2019-11-18,276
5,2019-11-19,334
5,2019-11-20,347
5,2019-11-21,372
5,2019-11-22,477
5,2019-11-23,536
5,2019-11-24,393
5,2019-11-25,277
5,2019-11-26,342
5,2019-11-27,291
5,2019-11-28,254
5,2019-11-29,218
5,2019-11-30,322
5,2019-12-01,370
5,2019-12-02,304
5,2019-12-03,332
5,2019-12-04,349
5,2019-12-05,493
5,2019-12-06,557
5,2019-12-07,556
5,2019-12-08,410
5,2019-12-09,305
5,2019-12-10,382
5,2019-12-11,351
5,2019-12-12,488
5,2019-12-13,576
5,2019-12-14,603
5,2019-12-15,420
5,2019-12-16,332
5,2019-12-17,357
5,2019-12-18,400
5,2019-12-19,449
5,2019-12-20,512
5,2019-12-21,466
5,2019-12-22,370
5,2019-12-23,245
5,2019-12-24,217
5,2019-12-25,103
5,2019-12-26,192
5,2019-12-27,296
5,2019-12-28,365
5,2019-12-29,338
5,2019-12-30,211
5,2019-12-31,314
6,2019-09-01,1758
6,2019-09-02,1283
6,2019-09-03,4956
6,2019-09-04,5022
6,2019-09-05,5985
6,2019-09-06,5102
6,2019-09-07,2152
6,2019-09-08,1512
6,2019-09-09,4716
6,2019-09-10,5582
6,2019-09-11,6054
6,2019-09-12,5551
6,2019-09-13,5769
6,2019-09-14,2623
6,2019-09-15,1762
6,2019-09-16,4938
6,2019-09-17,5366
6,2019-09-18,5821
6,2019-09-19,6159
6,2019-09-20,5878
6,2019-09-21,2696
6,2019-09-22,1713
6,2019-09-23,4786
6,2019-09-24,5369
6,2019-09-25,5753
6,2019-09-26,5934
6,2019-09-27,6205
6,2019-09-28,2538
6,2019-09-29,1831
6,2019-09-30,4492
6,2019-10-01,5486
6,2019-10-02,6369
6,2019-10-03,5998
6,2019-10-04,5464
6,2019-10-05,2420
6,2019-10-06,1569
6,2019-10-07,4637
6,2019-10-08,5051
6,2019-10-09,5205
6,2019-10-10,6402
6,2019-10-11,6422
6,2019-10-12,2762
6,2019-10-13,1964
6,2019-10-14,4360
6,2019-10-15,5905
6,2019-10-16,6123
6,2019-10-17,6183
6,2019-10-18,5722
6,2019-10-19,2604
6,2019-10-20,2114
6,2019-10-21,5136
6,2019-10-22,6098
6,2019-10-23,5546
6,2019-10-24,6084
6,2019-10-25,5280
6,2019-10-26,2639
6,2019-10-27,1853
6,2019-10-28,4884
6,2019-10-29,6016
6,2019-10-30,6398
6,2019-10-31,5569
6,2019-11-01,6324
6,2019-11-02,2521
6,2019-11-03,1777
6,2019-11-04,4896
6,2019-11-05,6176
6,2019-11-06,6043
6,2019-11-07,7004
6,2019-11-08,5898
6,2019-11-09,2586
6,2019-11-10,2000
6,2019-11-11,4778
6,2019-11-12,6379
6,2019-11-13,6626
6,2019-11-14,6366
6,2019-11-15,5857
6,2019-11-16,2536
6,2019-11-17,1660
6,2019-11-18,5363
6,2019-11-19,6353
6,2019-11-20,6119
6,2019-11-21,7135
6,2019-11-22,6338
6,2019-11-23,2681
6,2019-11-24,1571
6,2019-11-25,4794
6,2019-11-26,5630
6,2019-11-27,4227
6,2019-11-28,1102
6,2019-11-29,2495
6,2019-11-30,2440
6,2019-12-01,1990
6,2019-12-02,5392
6,2019-12-03,5759
6,2019-12-04,6217
6,2019-12-05,6958
6,2019-12-06,6988
6,2019-12-07,2901
6,2019-12-08,1789
6,2019-12-09,5328
6,2019-12-10,6538
6,2019-12-11,6990
6,2019-12-12,7266
6,2019-12-13,7063
6,2019-12-14,3085
6,2019-12-15,1889
6,2019-12-16,5550
6,2019-12-17,6501
6,2019-12-18,7215
6,2019-12-19,7378
6,2019-12-20,6257
6,2019-12-21,2560
6,2019-12-22,1752
6,2019-12-23,3835
6,2019-12-24,1571
6,2019-12-25,622
6,2019-12-26,2749
6,2019-12-27,3918
6,2019-12-28,2310
6,2019-12-29,1680
6,2019-12-30,3962
6,2019-12-31,3193
7,2019-09-01,4024
7,2019-09-02,2521
7,2019-09-03,11117
7,2019-09-04,13132
7,2019-09-05,14797
7,2019-09-06,13464
7,2019-09-07,4920
7,2019-09-08,3634
7,2019-09-09,12122
7,2019-09-10,15582
7,2019-09-11,17164
7,2019-09-12,16491
7,2019-09-13,14837
7,2019-09-14,6037
7,2019-09-15,4337
7,2019-09-16,13142
7,2019-09-17,15188
7,2019-09-18,15374
7,2019-09-19,15986
7,2019-09-20,14759
7,2019-09-21,6208
7,2019-09-22,4993
7,2019-09-23,13282
7,2019-09-24,15331
7,2019-09-25,15468
7,2019-09-26,16163
7,2019-09-27,15527
7,2019-09-28,5714
7,2019-09-29,4611
7,2019-09-30,10943
7,2019-10-01,13693
7,2019-10-02,16964
7,2019-10-03,15665
7,2019-10-04,14248
7,2019-10-05,5852
7,2019-10-06,3796
7,2019-10-07,11975
7,2019-10-08,13685
7,2019-10-09,13508
7,2019-10-10,16070
7,2019-10-11,15616
7,2019-10-12,6078
7,2019-10-13,6057
7,2019-10-14,11143
7,2019-10-15,15949
7,2019-10-16,16733
7,2019-10-17,16547
7,2019-10-18,14379
7,2019-10-19,6017
7,2019-10-20,5640
7,2019-10-21,13582
7,2019-10-22,16066
7,2019-10-23,14507
7,2019-10-24,16219
7,2019-10-25,14603
7,2019-10-26,7072
7,2019-10-27,5176
7,2019-10-28,12809
7,2019-10-29,16682
7,2019-10-30,18653
7,2019-10-31,16443
7,2019-11-01,14522
7,2019-11-02,5467
7,2019-11-03,4185
7,2019-11-04,12145
7,2019-11-05,15416
7,2019-11-06,15540
7,2019-11-07,16667
7,2019-11-08,14212
7,2019-11-09,5195
7,2019-11-10,4483
7,2019-11-11,11660
7,2019-11-12,16188
7,2019-11-13,17058
7,2019-11-14,17348
7,2019-11-15,14574
7,2019-11-16,5139
7,2019-11-17,2892
7,2019-11-18,13124
7,2019-11-19,16162
7,2019-11-20,15921
7,2019-11-21,16999
7,2019-11-22,15386
7,2019-11-23,5273
7,2019-11-24,4100
7,2019-11-25,11285
7,2019-11-26,13410
7,2019-11-27,8387
7,2019-11-28,2068
7,2019-11-29,5092
7,2019-11-30,5859
7,2019-12-01,5005
7,2019-12-02,14136
7,2019-12-03,17077
7,2019-12-04,16811
7,2019-12-05,17603
7,2019-12-06,16682
7,2019-12-07,7435
7,2019-12-08,4019
7,2019-12-09,13317
7,2019-12-10,16640
7,2019-12-11,16911
7,2019-12-12,17594
7,2019-12-13,15262
7,2019-12-14,7065
7,2019-12-15,3894
7,2019-12-16,13951
7,2019-12-17,16521
7,2019-12-18,17933
7,2019-12-19,17764
7,2019-12-20,15193
7,2019-12-21,5608
7,2019-12-22,4797
7,2019-12-23,9055
7,2019-12-24,3821
7,2019-12-25,858
7,2019-12-26,4649
7,2019-12-27,6918
7,2019-12-28,4146
7,2019-12-29,2768
7,2019-12-30,7797
7,2019-12-31,6955
8,2019-09-01,596
8,2019-09-02,314
8,2019-09-03,535
8,2019-09-04,771
8,2019-09-05,1284
8,2019-09-06,986
8,2019-09-07,652
8,2019-09-08,811
8,2019-09-09,1361
8,2019-09-10,1937
8,2019-09-11,2102
8,2019-09-12,1578
8,2019-09-13,969
8,2019-09-14,1287
8,2019-09-15,1465
8,2019-09-16,1829
8,2019-09-17,1879
8,2019-09-18,1363
8,2019-09-19,1170
8,2019-09-20,1139
8,2019-09-21,1085
8,2019-09-22,1267
8,2019-09-23,2366
8,2019-09-24,2896
8,2019-09-25,2795
8,2019-09-26,1796
8,2019-09-27,1542
8,2019-09-28,795
8,2019-09-29,749
8,2019-09-30,531
8,2019-10-01,545
8,2019-10-02,859
8,2019-10-03,1413
8,2019-10-04,1618
8,2019-10-05,1316
8,2019-10-06,850
8,2019-10-07,710
8,2019-10-08,967
8,2019-10-09,1182
8,2019-10-10,1175
8,2019-10-11,2773
8,2019-10-12,2132
8,2019-10-13,890
8,2019-10-14,913
8,2019-10-15,1317
8,2019-10-16,1561
8,2019-10-17,1171
8,2019-10-18,998
8,2019-10-19,1386
8,2019-10-20,1799
8,2019-10-21,1867
8,2019-10-22,1852
8,2019-10-23,1848
8,2019-10-24,932
8,2019-10-25,1032
8,2019-10-26,1437
8,2019-10-27,1434
8,2019-10-28,1471
8,2019-10-29,1674
8,2019-10-30,1094
8,2019-10-31,510
8,2019-11-01,937
8,2019-11-02,1156
8,2019-11-03,856
8,2019-11-04,869
8,2019-11-05,906
8,2019-11-06,684
8,2019-11-07,804
8,2019-11-08,803
8,2019-11-09,884
8,2019-11-10,1365
8,2019-11-11,1844
8,2019-11-12,2350
8,2019-11-13,2287
8,2019-11-14,1901
8,2019-11-15,750
8,2019-11-16,532
8,2019-11-17,327
8,2019-11-18,616
8,2019-11-19,946
8,2019-11-20,1458
8,2019-11-21,1477
8,2019-11-22,671
8,2019-11-23,516
8,2019-11-24,588
8,2019-11-25,468
8,2019-11-26,620
8,2019-11-27,558
8,2019-11-28,226
8,2019-11-29,675
8,2019-11-30,1457
8,2019-12-01,2185
8,2019-12-02,3237
8,2019-12-03,3364
8,2019-12-04,3172
8,2019-12-05,2584
8,2019-12-06,1099
8,2019-12-07,587
8,2019-12-08,336
8,2019-12-09,437
8,2019-12-10,501
8,2019-12-11,621
8,2019-12-12,734
8,2019-12-13,777
8,2019-12-14,769
8,2019-12-15,606
8,2019-12-16,466
8,2019-12-17,630
8,2019-12-18,923
8,2019-12-19,1159
8,2019-12-20,1138
8,2019-12-21,714
8,2019-12-22,638
8,2019-12-23,481
8,2019-12-24,250
8,2019-12-25,76
8,2019-12-26,278
8,2019-12-27,527
8,2019-12-28,659
8,2019-12-29,427
8,2019-12-30,561
8,2019-12-31,467
9,2019-09-01,378
9,2019-09-02,738
9,2019-09-03,902
9,2019-09-04,768
9,2019-09-05,796
9,2019-09-06,717
9,2019-09-07,396
9,2019-09-08,1002
9,2019-09-09,1193
9,2019-09-10,1052
9,2019-09-11,1223
9,2019-09-12,1268
9,2019-09-13,1063
9,2019-09-14,586
9,2019-09-15,1113
9,2019-09-16,1085
9,2019-09-17,938
9,2019-09-18,1226
9,2019-09-19,1169
9,2019-09-20,1123
9,2019-09-21,563
9,2019-09-22,1282
9,2019-09-23,1076
9,2019-09-24,948
9,2019-09-25,1118
9,2019-09-26,1063
9,2019-09-27,873
9,2019-09-28,936
9,2019-09-29,800
9,2019-09-30,815
9,2019-10-01,843
9,2019-10-02,1134
9,2019-10-03,1111
9,2019-10-04,921
9,2019-10-05,437
9,2019-10-06,916
9,2019-10-07,1021
9,2019-10-08,833
9,2019-10-09,891
9,2019-10-10,1103
9,2019-10-11,1009
9,2019-10-12,432
9,2019-10-13,850
9,2019-10-14,1217
9,2019-10-15,1024
9,2019-10-16,1178
9,2019-10-17,1253
9,2019-10-18,1039
9,2019-10-19,566
9,2019-10-20,886
9,2019-10-21,1087
9,2019-10-22,864
9,2019-10-23,1137
9,2019-10-24,1158
9,2019-10-25,1126
9,2019-10-26,583
9,2019-10-27,966
9,2019-10-28,984
9,2019-10-29,759
9,2019-10-30,786
9,2019-10-31,830
9,2019-11-01,886
9,2019-11-02,429
9,2019-11-03,800
9,2019-11-04,969
9,2019-11-05,830
9,2019-11-06,1012
9,2019-11-07,1176
9,2019-11-08,984
9,2019-11-09,460
9,2019-11-10,1089
9,2019-11-11,1333
9,2019-11-12,1159
9,2019-11-13,1016
9,2019-11-14,1046
9,2019-11-15,800
9,2019-11-16,371
9,2019-11-17,852
9,2019-11-18,1057
9,2019-11-19,873
9,2019-11-20,808
9,2019-11-21,1026
9,2019-11-22,736
9,2019-11-23,369
9,2019-11-24,504
9,2019-11-25,465
9,2019-11-26,490
9,2019-11-27,445
9,2019-11-28,244
9,2019-11-29,491
9,2019-11-30,1098
9,2019-12-01,1493
9,2019-12-02,1402
9,2019-12-03,991
9,2019-12-04,987
9,2019-12-05,1173
9,2019-12-06,785
9,2019-12-07,352
9,2019-12-08,660
9,2019-12-09,915
9,2019-12-10,827
9,2019-12-11,917
9,2019-12-12,965
9,2019-12-13,752
9,2019-12-14,377
9,2019-12-15,591
9,2019-12-16,692
9,2019-12-17,785
9,2019-12-18,690
9,2019-12-19,709
9,2019-12-20,555
9,2019-12-21,363
9,2019-12-22,365
9,2019-12-23,358
9,2019-12-24,254
9,2019-12-25,316
9,2019-12-26,575
9,2019-12-27,641
9,2019-12-28,562
9,2019-12-29,739
9,2019-12-30,599
9,2019-12-31,462
10,2019-09-01,2017
10,2019-09-02,3353
10,2019-09-03,4715
10,2019-09-04,3968
10,2019-09-05,4014
10,2019-09-06,3278
10,2019-09-07,2175
10,2019-09-08,4638
10,2019-09-09,5659
10,2019-09-10,4815
10,2019-09-11,5204
10,2019-09-12,5556
10,2019-09-13,5734
10,2019-09-14,2952
10,2019-09-15,5013
10,2019-09-16,5745
10,2019-09-17,5042
10,2019-09-18,5773
10,2019-09-19,5553
10,2019-09-20,4595
10,2019-09-21,2891
10,2019-09-22,5770
10,2019-09-23,5979
10,2019-09-24,5285
10,2019-09-25,5616
10,2019-09-26,5131
10,2019-09-27,4884
10,2019-09-28,4122
10,2019-09-29,4284
10,2019-09-30,4829
10,2019-10-01,4409
10,2019-10-02,5441
10,2019-10-03,5612
10,2019-10-04,4717
10,2019-10-05,2271
10,2019-10-06,4517
10,2019-10-07,5192
10,2019-10-08,4163
10,2019-10-09,4674
10,2019-10-10,5545
10,2019-10-11,5518
10,2019-10-12,2848
10,2019-10-13,4261
10,2019-10-14,6144
10,2019-10-15,5427
10,2019-10-16,5396
10,2019-10-17,5744
10,2019-10-18,5658
10,2019-10-19,3296
10,2019-10-20,4816
10,2019-10-21,5747
10,2019-10-22,4877
10,2019-10-23,5851
10,2019-10-24,5504
10,2019-10-25,5026
10,2019-10-26,2920
10,2019-10-27,4678
10,2019-10-28,5187
10,2019-10-29,4653
10,2019-10-30,5105
10,2019-10-31,3934
10,2019-11-01,3844
10,2019-11-02,1981
10,2019-11-03,3826
10,2019-11-04,5166
10,2019-11-05,4303
10,2019-11-06,5096
10,2019-11-07,5508
10,2019-11-08,4377
10,2019-11-09,2436
10,2019-11-10,4673
10,2019-11-11,5201
10,2019-11-12,7059
10,2019-11-13,5130
10,2019-11-14,5305
10,2019-11-15,4070
10,2019-11-16,2139
10,2019-11-17,4611
10,2019-11-18,5877
10,2019-11-19,4464
10,2019-11-20,4525
10,2019-11-21,4851
10,2019-11-22,3933
10,2019-11-23,1847
10,2019-11-24,2088
10,2019-11-25,2143
10,2019-11-26,2369
10,2019-11-27,2037
10,2019-11-28,1318
10,2019-11-29,2530
10,2019-11-30,5151
10,2019-12-01,6756
10,2019-12-02,6253
10,2019-12-03,4514
10,2019-12-04,4505
10,2019-12-05,5053
10,2019-12-06,3655
10,2019-12-07,1780
10,2019-12-08,3431
10,2019-12-09,4658
10,2019-12-10,4406
10,2019-12-11,4333
10,2019-12-12,4499
10,2019-12-13,3326
10,2019-12-14,1778
10,2019-12-15,2806
10,2019-12-16,3764
10,2019-12-17,3419
10,2019-12-18,3407
10,2019-12-19,3319
10,2019-12-20,2280
10,2019-12-21,1383
10,2019-12-22,1440
10,2019-12-23,1306
10,2019-12-24,850
10,2019-12-25,974
10,2019-12-26,1965
10,2019-12-27,2134
10,2019-12-28,2101
10,2019-12-29,2358
10,2019-12-30,2198
10,2019-12-31,1742
